,
AK Golfer,ak golfer
ARES_,ares_
AYKUTHAN,aykuthan
Aki,aki
Akinobar,akinobar
Akur,akur
Anfir,anfir
Anubis,anubis
Araran,araran
Arcane,arcane
Ares,ares
Arving 01,arving 01
Arwen,arwen
Arya,arya
Augustus,augustus
Aurelian,aurelian
Auxilium,auxilium
Bil,bil
Billy the kid,billy the kid
Brutus,brutus
BuckinNutz,buckinnutz
ChatDontWork,chatdontwork
Coirn,coirn
Cute bug,cute bug
DORUKHAN,dorukhan
Dagdarim,dagdarim
Derrinen,derrinen
DrStrange,drstrange
Dvain,dvain
Démon céleste,démon céleste
Elric,elric
Fibur,fibur
Findrien,findrien
Franchevy,franchevy
GERON,geron
Galbine,galbine
Gholas,gholas
Gler,gler
Glerilir,glerilir
Gracie,gracie
Grat,grat
Illayel The Mystic,illayel the mystic
Illedil,illedil
Jeneo Moon,jeneo moon
JessRew,jessrew
Joan of Arc,joan of arc
Kadu Stark,kadu stark
Kage,kage
Kikus,kikus
King Killa,king killa
Kösem,kösem
Legionario,legionario
Linfir,linfir
Lirosin,lirosin
Lyutsifer,lyutsifer
METHEAN,methean
Mac,mac
Mac SK Old,mac sk old
Marcus Aurelius,marcus aurelius
Maé,maé
Meztigrel,meztigrel
Michael,michael
Mofym,mofym
NERONE,nerone
Nerdailas,nerdailas
Perihelm,perihelm
Petrov,petrov
Queen of Blades,queen of blades
Ragemoon,ragemoon
Rayvenne,rayvenne
Roli,roli
Romul,romul
Saffe,saffe
Salamak,salamak
Salsa King,salsa king
Saruhan,saruhan
Sath,sath
Scipio Africanus,scipio africanus
Severian,severian
Shathis,shathis
SofG,sofg
Sohei,sohei
Sol Invictus,sol invictus
Spokojny,spokojny
Sully,sully
Swen,swen
Tantallon,tantallon
The Real Lindaing,the real lindaing
TheOne,theone
Tiberius Gracchus,tiberius gracchus
Tinicha,tinicha
Toj Traveler,toj traveler
Turfinil,turfinil
Yukinos,yukinos
Zen,zen
augus,augus
ela) wulg,ela) wulg
eld uals,eld uals
eld wale,eld wale
eld woh,eld woh
eld yuo,eld yuo
rodzilla,rodzilla
samisawa,samisawa
tMledil,tmledil
zar,zar
zarathustra,zarathustra
